{"michelin_shanghai":[{"name":"唐阁","stars":3},{"name":"Ultraviolet","stars":3},{"name":"8 ½ Otto e Mezzo Bombana","stars":2},{"name":"喜粤8号","stars":2},{"name":"御宝轩","stars":2},{"name":"乔尔‧卢布松美食坊","stars":2},{"name":"逸龙阁","stars":2},{"name":"雍福会","stars":2},{"name":"Bo Shanghai","stars":1},{"name":"大董餐饮（环贸iapm）","stars":1},{"name":"大董海参店 (越洋广场)","stars":1},{"name":"大蔬无界 (外滩)","stars":1},{"name":"福和慧","stars":1},{"name":"苏浙总会","stars":1},{"name":"Jean Georges","stars":1},{"name":"金轩","stars":1},{"name":"老干杯","stars":1},{"name":"老正兴","stars":1},{"name":"南麓‧浙里 (四川中路)","stars":1},{"name":"利苑 (环贸广场)","stars":1},{"name":"利苑 (国金中心)","stars":1},{"name":"鹅夫人 (莘庄)","stars":1},{"name":"斐霓丝","stars":1},{"name":"家全七福 (嘉里中心)","stars":1},{"name":"迷上海","stars":1},{"name":"艾利爵士","stars":1},{"name":"泰安门","stars":1},{"name":"新荣记 (上海广场)","stars":1},{"name":"甬府","stars":1},{"name":"雍颐","stars":1}]}